{"S5PPc/0Z7xtmyJOPvSMSSQ==":"znaku-20namagnite-1000x900h-122x110.png","zxkbUfFxg/+pp9Ci0QoWAg==":"title091006-134x134.jpg","zDPMS1vfxr2FJKTx+iYZVA==":"img25-122x92.jpg","Q4AdBYV5+4v5pEWp9Hi0lA==":"png-transparent-priority-signs-traffic-sign-warning-sign-driving-driving-angle-driving-text-162x135.png","I9CEpGtpZJgBsQYAKTPPCw==":"znaku-20namagnite-1000x900h-146x131.png","0gcb0cTiUAsgXE8UXGtFdA==":"all-new-drivers-are-required-to-complete-the-initial-logo-driver-driver-png-840-859-136x139.png","j0GNjVP7lVyQ7T7VS+GWNw==":"znak_u_uchenik-118x105.png","Vw/ySnD6WSFdwOXXtoz3lQ==":"slide2-1024x576.jpg","Nf6R7DF6pVi13CWCQrdbjw==":"slide3-1024x576.jpg","Mh8xf5pbJ5zqxqtikTDWgg==":"slide1-1024x576.jpg","rZsq2okD9lMTyWZxbwxX9w==":"png-transparent-car-driving-driver-s-license-driver-s-education-driving-school-driving-car-drivers-license-900x675.png","hEdgT5/hsAkzYZyh18GeUQ==":"istockphoto-450828951-612x491.jpg","1O/BXj6fqh6mqrQX8kcehw==":"oki-604x377.jpg","LKVjJiyZpC9o8HtGkCKCKw==":"full_size_1589397201-09ca1891f149044e7389c2b4909cfe38-748x404.jpg","Dg3zOXHEivWsEu1vY433Vg==":"png-transparent-driving-course-training-driver-s-education-driver-s-license-driving-school-driving-class-logo-920x920.png","F3E4sSbG6LFxPJ6pW5jaMw==":"71929799-background-with-many-traffic-signs-3d-rendering-450x281.jpg","xpFwCAw71+WneNY3Wj2Wvw==":"12758818-800x607.jpg","R/GL5JOs/9e3cHEx5h0d8A==":"img25-790x593.jpg","85YS0n3biolDpiJMbZvHww==":"scale-1200-547x468.jpg","w3dwPwrUNEzmdaQgB/2K+A==":"png-t-700x587.png","DJz29afpl91QWyUGm26BXQ==":"title091006-150x150.jpg","zeRe4TDX4r4ESyZUWYNLvg==":"png-t-660x553.png","4t5lsheQHsRBYQ6fWn+o7w==":"%D0%AD%D0%BA%D0%B7%D0%B0%D0%BC%D0%B5%D0%BD-716x403.png","DhdVsyHVkWiaWJahvRgITA==":"----21-1066x652.jpg","zBb13qJoXftytZcaMjJJog==":"nalogovyj-vychet-za-avtoshkolu-2000x810.jpg","ExAzNeD8Fw34jc1miQsxaA==":"oki-1-604x377.jpg","NwZ9d8a4uZY9fdk+UtYCTA==":"full_size_1589397201-09ca1891f149044e7389c2b4909cfe38-1000x540.jpg","r9V2Sls1u+dRiLmwxumnlg==":"90403ff0cca6c47f0561f3aa4ea12f85-1200x630.jpg","bSFUnwj2++PlRhXvBj/Q0Q==":"auto-profi-baner-1200x630.png","K/3u/oQClD+Zj9tiK74YeQ==":"auto-profi-baner-1-1200x630.png","24yDAn41p6gdXMJVF6rA1Q==":"auto-profi-baner-2-1200x630.png","J8Q/tr5IKCqZ8WNPex/bsg==":"auto-profi-baner-3-1200x630.png","Gjg1hI2SXElGEEOCl3CM0g==":"auto-profi-baner-4-1200x630.png","RN+EmtHnOyjJgMUHG3OYSg==":"auto-profi-baner-5-1200x630.png","Xk/ICKwdoHXZU7ROKQAWBQ==":"license_350x481-equal-350x481.jpg","j9CGT0z1lj7p6+m5WyYuPg==":"license_350x481-equal-350x481.jpeg","lW/54Q7A6xrUJZQi2NOdUg==":"oniu2soinss-604x512.jpg","v6RQOpUrHrGxPPK8eNcYJA==":"istockphoto-450828952-612x491.jpg","BNjpgXZZL9HebFQ0my/4iQ==":"oniu2soinss-1-604x512.jpg","eDAD1JaEJxtj/KKbwmVYKg==":"preduprezhdayushie-dorozhnye-znaki-708x389.jpg","R60CyXshZa/K6kW6B1JI2g==":"90403ff0cca6c47f0561f3aa4ea12f85-980x515.jpg","ukpf0H0tb6Q4K6R7FxZp3Q==":"nalogovyj-vychet-za-avtoshkolu-1142x462.jpg","mIIbxW0r7dEZSbMPwcoYdg==":"background2.jpg","UAc7kepzJPkrSn4uqTRvmw==":"background4.jpg","vfyIV2PjsFv7tCB7ExNIBg==":"oniu2soinss-1-604x512.jpeg","NT755cW0XAK9Pw/TqiRGNA==":"90403ff0cca6c47f0561f3aa4ea12f85-982x516.png","gL7BZByf40h1gxJa/laY5w==":"full_size_1589397201-09ca1891f149044e7389c2b4909cfe38-982x530.jpg","/vpLuxPf4oxf2sca368VCA==":"unnamed%20(3).gif"}